id,username,role,created_at,avatar_url
1af8337a-930c-4fbe-b3ba-34791ae71db2,Andy,admin,2026-08-20 00:22:53.273034+00:00,
00153047-cb08-4c14-92bc-07bb2e0d991a,admin_jcatarino,admin,2026-08-13 04:37:03.365255+00:00,https://lgfsxfmnykanwxxqtpvl.supabase.co/storage/v1/object/public/Foto_perfil/Fotos%20usuarios/00153047-cb08-4c14-92bc-07bb2e0d991a/avatar.jpg?t=1786837206580
b1c056f8-8ebb-4e91-81d1-420efd9457bc,Pixel path,admin,2026-08-17 21:43:39.569973+00:00,
f89ba5fb-fb3f-401d-ab03-6b22550523bc,admin_isacc,admin,2025-09-20 21:40:33.046754+00:00,
328908af-4a71-49a6-8c6b-7804c10209a2,Jcatarino,admin,2026-08-16 23:34:52.652542+00:00,https://lgfsxfmnykanwxxqtpvl.supabase.co/storage/v1/object/public/Foto_perfil/Fotos%20usuarios/328908af-4a71-49a6-8c6b-7804c10209a2/avatar.jpg?t=1786840611433
fd14b45a-786c-4fca-ace2-079c5f7ab492,bot_28,user,,
71d371f7-dd94-4f62-a20e-95b02599dada,admin_dary,admin,2026-08-20 00:36:24.138509+00:00,
877808b9-2f42-414d-897d-f1931fa55bc6,gperera,admin,2026-08-20 00:56:28.557261+00:00,
dab2c731-5f46-40f8-bd2f-cd02a6b01765,bot_1,user,,
fa002e48-f09c-475c-97e1-39b3a4e08ae4,bot_2,user,,
7f87e769-cca1-43c2-ae6d-bd46541db7c1,bot_3,user,,
c7efd88b-266c-4f86-8896-88d500c86f8a,bot_4,user,,
943b2131-37c3-4a01-82de-321d2e973f90,bot_5,user,,
c26ac474-34fb-461a-8914-d10d62beab00,bot_6,user,,
8d177d30-e827-4fa5-bd40-bebd84e3a5ac,bot_7,user,,
ece980cc-99c3-4421-a803-806360ba8e56,bot_8,user,,
b931dc9d-0925-4bf9-9446-4b661c974db1,bot_9,user,,
a30f87eb-d43e-4aab-bd9a-13a57795a28c,bot_10,user,,
e1c2db93-ac53-4674-b140-6efbff449dc3,bot_11,user,,
5bb95b40-5267-4e28-a53d-615af718c159,bot_12,user,,
ef09c945-c9cf-4fbd-9361-4eb0af4daf11,bot_13,user,,
bf882462-3dbd-4ff9-8cb0-0fc4a220a6e0,bot_14,user,,
de22fabb-2bbc-4f24-b036-83c7bff791c7,bot_15,user,,
2d59a156-4b6b-4bd4-8dc6-8e44b92cbd69,bot_16,user,,
cab32b91-b75f-41fa-a725-355b48d9cb6e,bot_17,user,,
6c77ce4e-96f0-45b7-ad14-925a58fb9746,bot_18,user,,
dc6bf179-5797-451a-9496-23effd431a56,bot_19,user,,
9e2c2102-06cb-4bc1-80a7-3fcb69e64f0d,bot_20,user,,
a4cacf6e-605d-4e1b-8f3c-a8ba6460706c,bot_21,user,,
6d0df30f-8fd8-4829-9506-785ec74797e9,bot_22,user,,
b2750a6c-3d34-41df-9be0-12e08376207a,bot_23,user,,
a873deb4-33b5-455d-acdf-b9b44a31ef21,bot_24,user,,
77a070b3-1f84-40e0-ba97-a19c879c4f61,bot_25,user,,
82114986-d8eb-462f-a453-23b6c73d355f,bot_26,user,,
e731f0c5-f4bc-49da-9377-6a585ea60e71,bot_27,user,,
5e5792fc-a9f1-4ef6-97a4-0697dbdd62f0,bot_29,user,,
16a0d290-21cf-44a6-9303-116369d49a4d,bot_30,user,,
ab568adf-20b2-4e0c-9c1b-a5a1233e404f,bot_31,user,,
bcfa8eab-b295-4197-bf81-8f80cae0a219,bot_32,user,,
8d436cdd-bb19-46a3-8d68-62f7190aed13,bot_33,user,,
15ce5a85-8037-45df-bd9f-9cd14a8173f8,bot_34,user,,
3326f776-d703-4bae-9889-b0f8d6d86e3e,bot_35,user,,
013ea5e8-fcd1-4e16-b975-ca7e2de115f0,bot_36,user,,
bd2ee2c6-37f8-4bdb-ad7e-951248d53982,bot_37,user,,
b0cc12fb-426c-4e68-9f71-b676e75e87a6,bot_38,user,,
757fc14b-e6a1-4e66-83d5-72a3d0b1fed3,bot_39,user,,
ad4ceb2b-2793-4aa5-b45d-15ece4e6a61b,bot_40,user,,
54c0efb0-d266-44e8-998a-3983f83fd0e2,bot_41,user,,
ceedb7f8-4110-441b-b301-6e7b50c22f62,bot_42,user,,
f9d4bb1a-8620-423c-b514-721614c9d63a,bot_43,user,,
7be1fc78-747a-4f92-a0f2-da3359b63a65,bot_44,user,,
4b172166-d649-4e2d-91fa-d4f6b6c110de,bot_45,user,,
e7f5507d-081b-4550-8f5d-81403e0925ce,bot_46,user,,
2f9ab690-a290-41fd-b5dd-321c953c0d3f,bot_47,user,,
ee265cb2-898f-4bcc-ac33-356e7c736b99,bot_48,user,,
730c222f-510d-4bee-a2c9-9e2ebefb2f5f,bot_49,user,,
ea8cf531-69b1-40e6-8847-f94cd387a63d,bot_50,user,,
41f67389-8b60-4c40-96b0-77215e47ef5f,bot_51,user,,
4f532f1d-498b-4d35-a9dc-d4d08dac8fcf,bot_52,user,,
54221cf1-5e39-4726-adfa-325a2a4452e8,bot_53,user,,
f4ee8516-bf42-4368-b32d-b80d84a4d861,bot_54,user,,
13063e6c-352a-41dc-8af1-255bc84b4e52,bot_55,user,,
4a25d841-f5ab-4878-90d5-fa426f55f2f5,bot_56,user,,
e35d8d1e-d8af-47da-8534-9eb4e7c44752,bot_57,user,,
bd70b19f-929e-42eb-b379-baf995c38a6d,bot_58,user,,
711032cf-ab55-4648-9a77-0ad6bc668ba5,bot_59,user,,
f6c826dd-a9fe-467d-b6c1-8f7cf688819b,bot_60,user,,
d38260b9-7432-4095-b08d-367d18080b4a,bot_61,user,,
63b26f92-ca62-488c-8b85-7908e79c537a,bot_62,user,,
8fd83dee-ed8d-4687-a373-a50650d7c8e5,bot_63,user,,
26b09a41-ce4a-4d96-bba4-0d957da544a7,bot_64,user,,
5997d300-e069-4ee5-820f-c20067c2b7a9,bot_65,user,,
0ba00a8a-9eb6-452c-907e-c9895dbb0f65,bot_66,user,,
ef2d3f61-f859-4906-9399-06dcd41c832e,bot_67,user,,
341f690d-453a-42b8-a3a0-4b435a2e7dbb,bot_68,user,,
847e6e0f-b9ec-4568-a9ae-e7db48597a61,bot_69,user,,
683f40d6-bb5b-401e-9477-ce1ee4a39281,bot_70,user,,
8a52dfc5-122d-41f2-9cb9-f0f59e9df2bd,bot_71,user,,
b11b2fc3-b23c-4d96-a1ca-fb8b55dc420b,bot_72,user,,
971d0695-4dd8-4aa5-ba83-4d13213e56aa,bot_73,user,,
e33b30ed-7da4-41c9-ab31-1a8c1f2412eb,bot_74,user,,
351240a5-6266-4489-84d8-562d46470d79,bot_75,user,,
54637cc9-f16b-4bbe-947b-fe6b80d0edb4,bot_76,user,,
8cbf0fa1-a973-4847-8c4f-c702d3c06b5d,bot_77,user,,
382a9455-ecd5-48c0-bc31-732abc8b2690,bot_78,user,,
d248cf24-20a7-4e98-a76d-b7ef9f280213,bot_79,user,,
18b3fcbf-131f-42d4-9b3f-52a5470e2a56,bot_80,user,,
ad2cfca7-4ea3-4ffc-b4aa-8200a845777a,bot_81,user,,
95c17ebb-4a1a-4ef1-94ec-1ca742449910,bot_82,user,,
7e64bef6-a891-44dc-8e78-bf7dffbd3ee6,bot_83,user,,
dc4b4ba1-c549-48f1-8a88-49691b7c52fd,bot_84,user,,
b40b606d-b73a-412f-b165-b4a5c669d842,bot_85,user,,
494e7029-4a59-42ec-ac60-9dbc344e85da,bot_86,user,,
59a5dbb7-e38b-422f-8b8e-b19fd4029fe1,bot_87,user,,
7cadc819-53f1-482c-be57-20ea843e2415,bot_88,user,,
56ef1a43-d9bf-491a-b7fa-9ad42aeaa33a,bot_89,user,,
90e423bb-327a-43b5-b347-f335bedcc0f6,bot_90,user,,
3edf16d1-ef1b-4b9b-bef5-aa62b04819b7,bot_91,user,,
8bb4c1e3-44f6-42e5-b982-dbdb4f9e43b9,bot_92,user,,
b9a119cf-072c-4f8b-abe4-79598f25884a,bot_93,user,,
a9550173-57f0-43d4-be69-a85e4fcae72b,bot_94,user,,
b1412e21-1a4f-44f6-893d-105a3fe2978c,bot_95,user,,
45ee48e3-b5f8-431a-87e3-8a2c6961ad9d,bot_96,user,,
9db63199-f1eb-4d6d-9f63-3175ad0f6ba0,bot_97,user,,
41f35035-b674-4d62-bd62-4c3b5cf05728,bot_98,user,,
cc56b622-f22b-4f49-92bb-f0162c178927,bot_99,user,,
78ed5c79-1996-4444-a73a-84019cdfef9f,bot_100,user,,
94f87288-873a-4d78-a687-2773cdf1b6c3,bot_101,user,,
80f91bff-d2a8-4301-a220-f910f3abdb0a,bot_102,user,,
375cdb5f-7376-4947-807d-65dc92feda3b,bot_103,user,,
f9eb4bec-a02b-47c5-af7a-57accc7af907,bot_104,user,,
04785dfd-5b4b-4ee7-9e52-28f70825c238,bot_105,user,,
f9fd454e-3796-42b4-b3ee-75ea95902b0e,bot_106,user,,
24692f30-287f-4212-b0bf-f562cc4a79fe,bot_107,user,,
3d8435fd-b8b2-406f-afcd-8c989e6ed5bd,bot_108,user,,
361d5595-bda6-4711-964a-b27e7ad1f1ba,bot_109,user,,
b12e0d09-efb0-4c88-8d89-eb75dbfd48c6,bot_110,user,,
019f7efb-1d7c-4753-b824-711cca62c23d,bot_111,user,,
3fce28ce-da45-4157-80a2-90e7c1adc58c,bot_112,user,,
762c47fd-1717-46fb-9934-f9fd9dc5c422,bot_113,user,,
c64ae676-6ad2-4132-aa68-cfaf7f097833,bot_114,user,,
2dbec0fb-07dc-4e8a-9f67-eb5dafdf092f,bot_115,user,,
4d93e007-000f-49d5-b03f-1fcd312b506f,bot_116,user,,
ec11ee9d-b825-4a68-9398-2326ca18b603,bot_117,user,,
67d387e5-c035-424f-808a-204b9b758434,bot_118,user,,
005e102c-da7d-47a2-bcc1-3e266a4c38c1,bot_119,user,,
4e3efe06-c29e-49b1-85b3-bda536f312f0,bot_120,user,,
25c6dbfe-5cc6-4577-99ee-9b3054d6f81f,bot_121,user,,
1175efb3-3980-4f9f-84ce-b48ca1df3745,bot_122,user,,
0b8a2bac-6425-4cc6-b271-df6d102b2f3f,bot_123,user,,
72d702f0-6178-45d5-a3b2-0a52b64c58c0,bot_124,user,,
2f59f2e4-b5dc-4ea8-9c35-c09b0ef7fe64,bot_125,user,,
0d0bfdf0-0b9b-4a1b-a9ae-28173462d01d,bot_126,user,,
11b52b99-36fa-4ed3-a049-ff60a957d615,bot_127,user,,
6164549e-c74f-44dc-90d7-71165380a041,bot_128,user,,
d0a66834-6a53-4d24-9195-6170aa8293c5,bot_129,user,,
fb9ba76d-5204-4666-9a4e-42f78d5a60dc,bot_130,user,,
4c0cdd1e-11b8-4d9d-9391-4b93193e7bbc,bot_131,user,,
dd375fd8-e288-4ec8-a7d3-b91b0723332a,bot_132,user,,
f40e28a5-b50f-4289-8254-9eb035ad83a1,bot_133,user,,
2b9f8619-9da4-4e1b-b873-4e8095b99ca7,bot_134,user,,
6631beb5-022f-462f-8941-96a527545268,bot_135,user,,
1696619c-4cc4-4924-8b3b-aaf0f14109e8,bot_136,user,,
a754349b-3fae-4fda-858a-30d8f114c97b,bot_137,user,,
1389f8f8-53e3-49af-a023-fc360eedbdd0,bot_138,user,,
623e6429-6173-4e29-9394-6ab659c9c561,bot_139,user,,
132a9dc1-a915-4c43-8004-59926892c6f9,bot_140,user,,
43201c24-6dc8-482a-8bbd-bfccc01afab2,bot_141,user,,
9d8f37e7-50f1-442b-b53c-0a7e7806876c,bot_142,user,,
a16f6441-a0d7-433a-b1c7-fc7f48439da5,bot_143,user,,
461255f2-13bc-4c22-af38-79904e2a469b,bot_144,user,,
acd3ece1-7233-4a34-9af2-de97eaeea1d6,bot_145,user,,
36d480d4-5e0f-4aba-80ad-6c5d729ad090,bot_146,user,,
ab7b8b4a-9da6-4fb6-b364-8a3d570d23da,bot_147,user,,
75b53059-afbe-4c8a-b159-4c51129616fb,bot_148,user,,
850a1b0e-3179-4547-b99c-2cb87bb36232,bot_149,user,,
1b12814d-623b-4f2d-ab95-ac4898be502a,bot_150,user,,
a5aef223-984a-4675-bbfa-588df65ccaf9,bot_151,user,,
dfb351fa-bdcf-4c04-9545-ca7428a94ec6,bot_152,user,,
90561cc0-a4be-414c-8b51-b2d1a3e350c0,bot_153,user,,
e862a6d8-ba46-4800-8348-df71c1a812ad,bot_154,user,,
5d0fda95-56da-4f7f-b18b-4509ebb482d3,bot_155,user,,
d8e7575d-f725-4368-b559-268af73d7a7f,bot_156,user,,
8e12b6b2-27a4-43d3-bb98-7ff377c000d5,bot_157,user,,
643865a1-d338-4c76-8f96-6198f6477099,bot_158,user,,
d6e65399-ffe1-495d-b323-c766c29997bb,bot_159,user,,
8ebfedf8-d2ae-4e12-86fb-30eb2b1878b6,bot_160,user,,
9f6a9193-21e1-4914-b0a2-18c1e94ca983,bot_161,user,,
d7df78c1-204e-46b4-9303-f3b237d7b4e5,bot_162,user,,
ffd3956a-8dd9-4425-8ec5-df535eae613d,bot_163,user,,
2b278ea6-99be-4366-95f0-7c17e6faeb68,bot_164,user,,
8cddedcd-5b51-4bad-b33c-d82e50e3c5af,bot_165,user,,
183796d6-976e-41f3-9c09-27f7204191f9,bot_166,user,,
85449e07-3410-4653-9d54-10697e0f0e88,bot_167,user,,
e822b42f-9b6b-4900-bdbb-2b15df8e3891,bot_168,user,,
e773400a-7bbe-48a2-9f62-26dc5ede62d9,bot_169,user,,
6fe657fc-6929-4393-a8c4-6f717f018bb7,bot_170,user,,
ef42487f-ba1d-4111-8bb4-d468066ad8e1,bot_171,user,,
ebde3c9b-2149-42b8-8467-db095a637574,bot_172,user,,
bf3434a1-289c-4460-85e2-24004b50cfa5,bot_173,user,,
188d1293-0dd9-4ab6-b6b8-3281a53de63e,bot_174,user,,
91af2d0d-2b3c-4d47-9631-b859ecc3e56a,bot_175,user,,
d645077d-fa74-41a1-9318-5b66f64c7466,bot_176,user,,
80c2b01a-4492-4093-bc65-b95274db693c,bot_177,user,,
6ff1765f-70f1-4c51-ab6d-e21519666b70,bot_178,user,,
6b1387c8-eca9-4cb8-b520-ab7b17fc6e2e,bot_179,user,,
d00a24be-d53f-49a8-ba8a-eec96de2fdfc,bot_180,user,,
f9b72912-480f-4c63-be65-05e8dc48e576,bot_181,user,,
aa84ec69-e699-454e-9dfe-f878c8b81814,bot_182,user,,
8bb5477e-ad11-466e-ab09-e8f6e6aa7a70,bot_183,user,,
57e3fc2c-dcd3-4ae0-b933-dec1f5ad820e,bot_184,user,,
e2d7f549-0141-4b94-a11d-eccb229486ba,bot_185,user,,
77ccb3c6-c53b-40cd-bb81-5c131de24286,bot_186,user,,
50f33800-a547-4b2e-9df1-07d5c299a766,bot_187,user,,
b84de406-58c4-4962-8f94-3ed87ffffdf1,bot_188,user,,
cee94d7b-2ace-4a3a-9fcc-fa0a772a4ad3,bot_189,user,,
47389ef3-3e72-44f4-8e0f-e47a088d74e1,bot_190,user,,
6ed93bcd-1b3c-4771-a906-28ba5d351954,bot_191,user,,
0b5a2c57-480d-4f21-bd73-d22a99f1fa2e,bot_192,user,,
309942ce-c811-4810-845c-109942220299,bot_193,user,,
fb7c4afd-51de-4307-bff3-cafd8f2e04ea,bot_194,user,,
e3275cd2-3cb5-4bba-af9f-89e81aa29e79,bot_195,user,,
fc16bade-e7c4-4831-9342-918f0d195b97,bot_196,user,,
11253d50-d5c5-4683-89ca-81ae55497ba1,bot_197,user,,
30ed4548-6a88-4368-94b6-8b4e29cc1ad9,bot_198,user,,
7e1909ff-426a-45ad-87b7-39718ce08826,bot_199,user,,
0b7ea584-637f-4362-8e0b-cbcf0a4b2753,bot_200,user,,
372c5e07-45fd-4772-98b4-a6cbe055f7c1,bot_201,user,,
67ce8695-2986-4c83-823d-742bfd2c752e,bot_202,user,,
3751b77a-0141-464f-854f-303f8d2a3fe8,bot_203,user,,
e48650d5-6f78-4519-aa73-7aa6a84df84c,bot_204,user,,
d0c82837-5684-48a0-8512-a92ec1a45adf,bot_205,user,,
5bfae0cb-2ecd-4df5-90d7-f3c00d48e194,bot_206,user,,
0d5e8316-508c-417e-a5fe-f3c98109b7e0,bot_207,user,,
20d2beec-b15e-4082-9809-715c87cc6c22,bot_208,user,,
4d917db5-bc52-444e-bb9c-8415f7ad652a,bot_209,user,,
eb463b68-0848-4837-9896-2965364bfe7c,bot_210,user,,
a2ef248c-2060-4446-9ad8-93ace53670cd,bot_211,user,,
95210e2f-92f2-4d67-b939-89f8b5ff602b,bot_212,user,,
80bdeb26-9775-4f26-a9b6-597a9b97d4eb,bot_213,user,,
b4f77b48-c1d0-4826-acbe-d7aae25b13da,bot_214,user,,
24b4d8bc-68a0-41f6-a4c3-5b9fe5872cd9,bot_215,user,,
bc13a627-6473-44d5-a45b-7713d33a961f,bot_216,user,,
18729206-e2f1-4b3b-bcef-f7e7119243a8,bot_217,user,,
6dfac9bd-e89a-47b2-aa90-671049589a6f,bot_218,user,,
14d7d1fc-0700-4c4f-a1c9-e9099f97c24e,bot_219,user,,
0751f2ad-b5c6-40a9-8776-ae595dbab3cf,bot_220,user,,
1afe2c2b-b9fc-4855-aca3-f747e6fc1bc0,bot_221,user,,
e1e3b126-92ca-4626-b83a-472b8c645d22,bot_222,user,,
c741e33f-968f-4a1d-aa41-c2928e520d81,bot_223,user,,
6e069802-bc8a-4f01-8e43-ca5542cc8ed5,bot_224,user,,
a51940f0-ac6b-46a4-9d3b-312372fe521a,bot_225,user,,
2896c9e9-9d06-4856-a2bb-f3624fad86cd,bot_226,user,,
3596c305-185b-424a-a705-58c238728d04,bot_227,user,,
eb0b24b1-9890-49b3-8373-4241db5a5dca,bot_228,user,,
5549a2ef-9402-4dab-a80d-dec69a21c5a6,bot_229,user,,
7536454d-f2a3-4603-a8d8-843cce3b2e46,bot_230,user,,
3ae1da8c-a81e-4521-be6d-311ac6f422a4,bot_231,user,,
450ec1c5-bf73-4737-aadb-096c44f25dc3,bot_232,user,,
d317ef63-245b-452c-b021-ce228c0b49ed,bot_233,user,,
a3230b4a-5eca-40d9-9d09-7a9efcb1037d,bot_234,user,,
8a179828-3798-4e5a-b4e9-41a28b949c56,bot_235,user,,
f6dff08a-5560-42bd-b839-670d20b9e001,bot_236,user,,
38dc94ae-baf8-4636-9334-b9abbd5a9f2b,bot_237,user,,
90a7fee8-9c98-4ee8-9bd3-abad40a5d492,bot_238,user,,
5fdd0214-612e-44d5-a412-2025e4d21057,bot_239,user,,
b16c3b30-667e-4c20-96fc-41ceb59d7efc,bot_240,user,,
163cd3d2-8a80-4679-844b-a8860c0daddc,bot_241,user,,
aa6249f7-f577-4271-bad0-5cd99f2651b4,bot_242,user,,
4a8f3c86-5d5e-4173-bbcf-264a53ad71b8,bot_243,user,,
10dd8bd3-73f3-4b9d-b3b3-fdf05c6485e5,bot_244,user,,
2797d05e-fc83-4ddd-8513-28330f52ad86,bot_245,user,,
c585c846-5994-4adf-af4d-a533f2b24f35,bot_246,user,,
dae0e647-ad03-4d0a-9cea-0de1ec428d47,bot_247,user,,
efcf6f36-f423-4627-a71e-6ab07b5f0616,bot_248,user,,
fb847148-4b22-43cb-ab48-a309e657935a,bot_249,user,,
38d04d0b-ce67-4230-a6ea-20189393429c,bot_250,user,,
fae74e24-dafe-4c67-9503-6c37a0580080,bot_251,user,,
a8c39533-1772-4c55-915e-d7d6d81acfb8,bot_252,user,,
6e704564-c3bf-4370-a421-f80613b73107,bot_253,user,,
fddee778-b9b7-499f-857c-286c9dba7834,bot_254,user,,
80489ae5-9e5d-4da3-9ffb-41d0f264086b,bot_255,user,,
70d5063b-c7b9-43f1-8374-570a5e652dec,bot_256,user,,
c450597a-92e5-4900-827a-91e6e38fcf51,bot_257,user,,
b8d62b38-8753-4ba3-88ca-a1ae7fc1c38a,bot_258,user,,
2dad43f4-0ca2-44df-a26c-a6357d3b49e3,bot_259,user,,
6662651c-eb8d-4e0f-9df9-94b58f829711,bot_260,user,,
ce0175b5-e2da-48ab-ba90-7ca75df93fe0,bot_261,user,,
26d0c589-63ec-4b8d-b9f8-52ee53793a47,bot_262,user,,
90bc7f44-d888-4d6f-b96d-9f8a30d3b7fa,bot_263,user,,
958a65b1-e76b-432c-a6c7-060bfd39c7ee,bot_264,user,,
7d5decce-0e57-4153-be7e-103dd13d7b7f,bot_265,user,,
35692dda-1ce3-44a5-9abd-f39e245b777e,bot_266,user,,
e99d01f8-7ef4-4fd5-8069-c4efc43ac11c,bot_267,user,,
7d9a3e32-ce5c-4c3a-883f-061d8ee827c8,bot_268,user,,
7356844f-c4d8-4b5a-b751-d8cc21c340f6,bot_269,user,,
35284e3f-3a61-4e11-ab7e-d46606846cbb,bot_270,user,,
23282b43-f95d-41d2-807b-9141f4ca5134,bot_271,user,,
ded891ad-418a-4e2a-aedb-ac6bb8402b95,bot_272,user,,
9b9dcbac-0301-4ccb-b122-4be682eaedf7,bot_273,user,,
80cd097f-d3c3-41de-bb41-06b8885969f6,bot_274,user,,
62dbfbe7-f087-4a43-b9f5-d02399a5bc87,bot_275,user,,
89a99abe-928d-409b-971e-e0fb81398eb6,bot_276,user,,
955b2db4-876b-4f5f-b3ee-32a17f21a93f,bot_277,user,,
b3fc8e39-5e19-4e46-a0df-32e3f17719d1,bot_278,user,,
0adb40f0-b131-4560-8f2c-6fb9abce37a4,bot_279,user,,
df8bedb2-5e42-41a9-8ad6-abe335dd0f38,bot_280,user,,
8a108c30-cd42-4bc7-933a-57adda553ab9,bot_281,user,,
9db48368-63ae-434b-82b6-92f22655bcfa,bot_282,user,,
be3845c8-aef8-4414-9472-013940b64e7d,bot_283,user,,
0dc5196c-1e34-4e29-b20d-525428b4f005,bot_284,user,,
5ba95adc-e728-48cb-97a1-65940265e105,bot_285,user,,
b706bfba-98ea-462e-9810-366d38d5b986,bot_286,user,,
9d1005fe-a410-4bf6-bf00-99a32504a79d,bot_287,user,,
0ea52491-3343-4415-8ee8-e2cfb2352b80,bot_288,user,,
e9cfcbea-8c8e-4835-920b-78f1a9a4df31,bot_289,user,,
4426f72e-631b-4a76-a045-49fa3a904cc7,bot_290,user,,
2a4f9b84-e7ef-4d0c-ba06-2f9d3371893c,bot_291,user,,
fd3e6edd-2849-4755-8585-da43723139b6,bot_292,user,,
aa2d2117-8af1-4380-bae3-dc1e1e9ebd8f,bot_293,user,,
3f41c14a-6f06-472d-b6f0-40d05954e775,bot_294,user,,
ab154372-98c2-4f62-b43b-8cb60287036e,bot_295,user,,
ece2e98c-fff5-4101-88b6-8b7328e0ce7d,bot_296,user,,
0e135e87-e386-4a7f-9b84-e355bde3803c,bot_297,user,,
0fc79f37-c44b-4bdb-b765-018aa35e7341,bot_298,user,,
adc6f634-f655-4b82-a0fe-c3701291dbb8,bot_299,user,,
4de0df52-ce4f-4de8-8a48-f20a6d9d2c7d,bot_300,user,,
3df0a47c-646a-4356-bc4d-ec8632b8efe4,bot_301,user,,
e69baf52-6a9b-4c86-b32b-27fbde6573f7,bot_302,user,,
eb00a01e-827d-417d-97c5-4fd0a472b26d,bot_303,user,,
fb14e33d-42eb-4a70-b37f-f52b0e052010,bot_304,user,,
7e554759-9efc-4d4b-b1cb-b0407b3dff12,bot_305,user,,
56cee11f-6c83-4355-88cc-a57dc65b9bf5,bot_306,user,,
8ceab24b-615b-4373-a5dc-cb24a2e8e2ac,bot_307,user,,
318135ad-bde7-4c37-a2ea-954b08c4a39f,bot_308,user,,
a5049d09-4999-4577-bc1d-b67d725fe1bc,bot_309,user,,
db64b404-679d-4d5d-b13b-c9c22046dd8e,bot_310,user,,
9c982e5f-1015-4e49-a9f7-21b84ae5a631,bot_311,user,,
41941911-2e41-4200-a08b-b58ed55873cc,bot_312,user,,
7abdf4af-c57c-4daa-9fd9-7dc4158df10f,bot_313,user,,
c9da737a-00f9-426f-96e0-31bd040a557f,bot_314,user,,
a4e8d4d7-33e0-4ef0-8b98-07315ec96282,bot_315,user,,
90d1abf6-942a-42eb-97ec-e2956f2887ed,bot_316,user,,
e49b2b97-9557-48c2-bb54-43194dccb4ad,bot_317,user,,
ecbd2c1d-e332-40a2-b18c-252cc4bbb115,bot_318,user,,
8b9070b5-0cc2-451c-8cd0-54232a7c956e,bot_319,user,,
8fe77f80-9f21-4b0f-8754-89faa14af57f,bot_320,user,,
f71ed5e7-a122-4df5-8443-7d078fcb8aa4,bot_321,user,,
30b46a39-d2a2-49f8-8fc4-90724ff2f38e,bot_322,user,,
7b5152a0-1985-412c-8506-85f020ec5155,bot_323,user,,
0dc7f931-7daa-4741-8418-8c367c24a9b2,bot_324,user,,
3990f9fe-bd1f-4db6-b8ed-7c61204d50bb,bot_325,user,,
eca7f45d-84c6-44a7-a443-2e4ea2f1cad7,bot_326,user,,
fc0f28b4-0ed7-458e-9707-e2e452a7ab52,bot_327,user,,
762c3578-ea44-453f-bc4f-5a6d0a56d235,bot_328,user,,
b68073df-78af-4be4-915b-d2963a578e3b,bot_329,user,,
f03bd540-654c-49f8-ad4e-509d7d5016a0,bot_330,user,,
c9e6c09c-e6af-4c10-a2e9-0bc69bd0d312,bot_331,user,,
66cc9e5d-0f6e-4fd1-b44f-2225b3ecbd0b,bot_332,user,,
848745cd-949e-45de-b801-209056479098,bot_333,user,,
95afddbe-14f0-4344-881d-f2afc0777d3d,bot_334,user,,
a5227cb4-660b-4ab1-944b-8d9f8e5d44ea,bot_335,user,,
50bd6310-251b-45ab-8fdc-865c7edb4434,bot_336,user,,
57685850-afe9-4aa7-b49c-2245f25eb3ea,bot_337,user,,
5d5ac375-37a4-4dc7-b385-bad670fa2e2b,bot_338,user,,
b6257415-8a0e-4348-9ea7-d4bd27b768cf,bot_339,user,,
22ce8a48-5bb2-4bc0-b0eb-57aff8683c2c,bot_340,user,,
62b30600-a14e-4194-8431-fcd3d5368b11,bot_341,user,,
adc2ff3b-b0c6-4751-abf9-e5848c075077,bot_342,user,,
23339e46-3481-4508-ae01-90810b753b7c,bot_343,user,,
7ca4b828-ff24-4bd0-b34c-63acf835596f,bot_344,user,,
02bbcda8-f8f6-47e6-af31-dc66a48436d2,bot_345,user,,
76368dec-34be-41bc-967e-756b187540cb,bot_346,user,,
a799463d-2593-46bf-9d71-7521477b1239,bot_347,user,,
d0534ccb-6c9e-4b78-85e3-993b73873438,bot_348,user,,
5821966c-1b92-497b-b33e-41c0b21e70fc,bot_349,user,,
9c63169e-5a3c-45ab-92d5-75fbcb480b4b,bot_350,user,,
cf8724b7-6e31-4608-a5af-29c962ec5450,bot_351,user,,
5fe07bcb-22eb-4373-ac39-a7e863dfa01a,bot_352,user,,
24857cf1-611d-469e-8d21-59de84ae8907,bot_353,user,,
55de167a-926f-4adc-b509-faa18f22cf73,bot_354,user,,
8fadef14-2fa6-41a9-b394-74917d597bc9,bot_355,user,,
47146a82-60dd-4d71-a427-4bd1bcf85a59,bot_356,user,,
269cdfc2-4c9e-4891-befe-1afcdc203b75,bot_357,user,,
d937b37d-6ec3-4c2c-8074-d67e09987e9f,bot_358,user,,
19b80725-febb-4f28-b656-8f751f2bcafc,bot_359,user,,
6863013a-c216-4d97-860c-bb80509e45a6,bot_360,user,,
0b2dcc48-82b7-426c-b5b5-0cfbe6570277,bot_361,user,,
bd87d0d5-3712-4352-b5db-a4fb4ebfdfba,bot_362,user,,
5d479b2a-887e-42c5-b5bd-ca7ea344c4ea,bot_363,user,,
48ef4bd6-959a-49af-851d-12e51164cb14,bot_364,user,,
9dc28a3c-6e7b-4327-a0dd-c3223a5b25ff,bot_365,user,,
9a41eb60-2e89-4412-94ad-f7ad0a0c7bf2,bot_366,user,,
48c6ed75-af1f-43ca-8951-022865b90980,bot_367,user,,
4e1829f4-7bc3-4475-a941-150a75c43ab9,bot_368,user,,
99024ab6-a5bb-4f35-883f-f7650ef1d9e1,bot_369,user,,
2ea54bb5-3ddc-447e-a3b0-0bd97abe8303,bot_370,user,,
563a4fda-32f4-4490-8d1c-e033fd723f3e,bot_371,user,,
0df34136-f1b8-4b26-be11-5784d4225220,bot_372,user,,
78d147e7-aadb-4209-9a4f-03fe252f4b44,bot_373,user,,
c01f531d-5b08-4e6b-9019-afcfa553ec9e,bot_374,user,,
e9f389a6-6197-4bf1-ab83-e03bc0d67d1a,bot_375,user,,
e03ddb87-0859-466e-9686-638ad6e3d992,bot_376,user,,
dd0da6a2-2ce7-41e1-8ff4-5e8a97a955bb,bot_377,user,,
47297e6a-1a7c-495c-8af3-82788de42833,bot_378,user,,
95e59624-7c1e-4dd7-a30c-633b147ef6d0,bot_379,user,,
18ad3e68-ae7d-4d4b-8b14-f56d2fd8ad2e,bot_380,user,,
60b6b4d0-8af7-466b-8128-cf51900ecd73,bot_381,user,,
8c68a716-7a8c-4dd5-975d-ab187323e9da,bot_382,user,,
f078a32c-5f90-474e-9302-4d86803423a7,bot_383,user,,
7fc7b594-7709-4684-a23f-60b57d2a4f25,bot_384,user,,
c2688f23-e088-4694-b38a-580c7ad68f86,bot_385,user,,
da0709fd-d160-4ef8-8101-8d7744141579,bot_386,user,,
8caa91ce-762c-47d0-9e96-4483fa3f5890,bot_387,user,,
5fba3ec6-c297-4086-9b5c-e6ee32976e9c,bot_388,user,,
44dd139a-7459-4311-93fa-72292322881b,bot_389,user,,
5cbb0385-223f-4c3d-97fd-3d14c5b682a0,bot_390,user,,
eb277454-d887-4ce4-8fae-671d13dc64df,bot_391,user,,
737dccc3-eeb4-4abf-8d9e-3efe3ab55bf6,bot_392,user,,
e15c891e-9dad-42f1-bb31-e1cf26ff3c30,bot_393,user,,
f83fcdae-0818-4c84-a9f0-75f1383ad271,bot_394,user,,
8b72366c-2ea1-458d-aaab-44b2623e9d87,bot_395,user,,
0f2ace88-80d6-41cd-be79-da9e2c4192e0,bot_396,user,,
e6b24d6f-4c7e-40f4-b750-909c5cf29d3c,bot_397,user,,
0b3cd1c4-e002-4e0b-9dbd-e53653853f2d,bot_398,user,,
5ef3db6f-8d3a-4173-a53c-00e29e8e81de,bot_399,user,,
b6f0912c-ae50-4ab1-b090-ceb512552ba0,bot_400,user,,
aca42f00-83ca-4d9b-b6b4-2fe0200e1fa3,bot_401,user,,
96231b8d-d3c3-46fc-ace6-8daa77f9dd9a,bot_402,user,,
87c30054-b45d-457e-82d1-2211b87d20e7,bot_403,user,,
1739f519-c998-4ff1-9319-327a36af1e79,bot_404,user,,
3a743a59-67c1-4530-9eb7-05b135ed48d5,bot_405,user,,
be1eef96-753d-48ad-9993-8bd032245a37,bot_406,user,,
1031d57c-c2c6-42ec-bd49-6095571f7619,bot_407,user,,
3079217b-507d-4435-b0b5-d0718ab50d1d,bot_408,user,,
754a67a8-29f8-46a2-8d0a-5ccbc2e3e5cc,bot_409,user,,
36cc0025-330e-4172-8b8b-7e872e6193af,bot_410,user,,
4757922f-4a3e-4eeb-bcc8-71926d62d289,bot_411,user,,
91eba065-8318-47ea-b3b6-f9fbf0cc2d75,bot_412,user,,
2760569f-176b-4265-99ad-d00c7d550fd1,bot_413,user,,
7b7eacd2-7203-4dd5-88cd-8811ee7b9dba,bot_414,user,,
2dd80f5d-0e5b-4d12-b240-02cf3d76d043,bot_415,user,,
6e5fef03-7cd6-4dd3-b72f-7e24053b9c7d,bot_416,user,,
377286dc-abce-49a5-a032-fca3acfc5caf,bot_417,user,,
af80e62c-86c4-4995-87ee-c351aeb304f1,bot_418,user,,
61d12df9-6ed3-42fe-a4ec-c79b1afc8880,bot_419,user,,
4a6349fb-35b4-41ae-8965-794e76a0d73c,bot_420,user,,
b48963ce-7598-42c2-95e3-666d9b722741,bot_421,user,,
825a5350-7013-4e50-a033-e4fcb616cd5d,bot_422,user,,
28d64d8f-7d8f-4e26-95e3-33195f6e6675,bot_423,user,,
2fc96bd8-b014-47c4-8f7d-8eebca86cacd,bot_424,user,,
72704e3c-f766-4258-9a30-a6a8b3ec8064,bot_425,user,,
7a5fce36-febd-4734-9865-ecf8ce7e52c1,bot_426,user,,
77d30bc2-d1ea-48de-bef2-5d71a4048d39,bot_427,user,,
1d01e77d-6099-489a-be4f-a7974aa407aa,bot_428,user,,
f02e396e-33b5-405f-92ab-dccdbffdc87e,bot_429,user,,
37eb2aa8-66a0-49d1-9850-633c921dde7c,bot_430,user,,
38eae0d4-172b-4bf0-83f2-0876dbceb7b8,bot_431,user,,
90e119a5-9723-4641-870d-b8dfa4bf7177,bot_432,user,,
8eccf888-a787-4de8-9689-6bd4f5b3ed6a,bot_433,user,,
d004fbd2-fccf-4d9e-8650-635f8d2aeb44,bot_434,user,,
8b5d3e53-0236-489e-bf0e-258bc1597475,bot_435,user,,
a2e303ef-2e16-42dd-8a1d-2fb9357b3047,bot_436,user,,
eb23423f-caaa-4a6c-a94b-8294e5f3ce5e,bot_437,user,,
5ed0e125-ce69-48bf-b9ed-d7e69cdba469,bot_438,user,,
b0a749a6-7305-44de-a714-d6c1dccd96e4,bot_439,user,,
a8e4fb50-f4ef-4f25-877d-5dc3aa9f5dd8,bot_440,user,,
de27a5b2-2d53-48cc-8ae6-4d74cd189a30,bot_441,user,,
85a03db3-7683-4d37-a692-cccae0580a05,bot_442,user,,
f9d39959-4b5d-4500-9c41-574d7c31e557,bot_443,user,,
33d15234-8f5b-4844-a8de-3bf91c7b7831,bot_444,user,,
3780ee71-2fd0-405f-a782-06ddb2768342,bot_445,user,,
b7cc4a33-ecfb-4349-9250-7b6fda17d73e,bot_446,user,,
bbd8a5d8-7b43-41fe-9fc0-8e0c3423a070,bot_447,user,,
31abd29e-cb25-4d2e-8a53-706990950e59,bot_448,user,,
6e5a8797-ad49-40ea-9b48-1d54be4e8dc4,bot_449,user,,
80cbd44b-05a8-42f9-97c0-79df555f2434,bot_450,user,,
a97e9493-af37-4135-9ce1-84b9c1fd3d54,bot_451,user,,
7fa938c2-3f1d-4b2a-bce2-49a13537c249,bot_452,user,,
8e00bbf3-b925-4b49-955a-74477998980c,bot_453,user,,
dc63b615-d73a-4d2e-a68d-36bc5d4e2008,bot_454,user,,
254ce12f-c452-4b91-a77f-93f34cc43990,bot_455,user,,
79636d2c-26a8-4196-9a32-df69842ac391,bot_456,user,,
097cc165-e077-442f-903e-9e8187f0c0cf,bot_457,user,,
bee217bf-034e-4ea1-8ff4-301c058719b4,bot_458,user,,
0ab9c1f6-cd6c-4f6f-aa62-ecb161688719,bot_459,user,,
246e11a5-2789-4ab6-8ce0-1c25dc21c554,bot_460,user,,
3e7e5684-99ba-4a9d-accb-a9e70e07ef60,bot_461,user,,
820e5542-692a-44c6-85ea-cdf4fa6199dc,bot_462,user,,
1e228207-b888-45f9-bda5-8c985841ee3c,bot_463,user,,
fbec7879-eb6c-4493-8179-a2a967e06d3f,bot_464,user,,
4b05ea7b-f895-4ad0-9a24-0ec795b780a8,bot_465,user,,
5c2fac3d-b1e1-4749-a238-3dd4c0ceb878,bot_466,user,,
6dd3487f-5723-4811-b5e7-143f4ee0da8f,bot_467,user,,
0be3b494-65e6-458b-8dd3-5ad5f13a59a5,bot_468,user,,
8a52f974-0e58-48ee-a3aa-b5b2a9adccda,bot_469,user,,
7ca95a09-2208-49f9-a636-5f79bcd51320,bot_470,user,,
350faca9-ee28-42f7-8a24-fac3a4e543dc,bot_471,user,,
242fdd0c-97d2-423f-8e4a-61d0c62f11a6,bot_472,user,,
744cbf2e-92ac-40bf-b465-54b7cb963b4b,bot_473,user,,
8ff79505-2cdb-4bea-828f-b41c12b27d6c,bot_474,user,,
e160fa3b-46a4-4313-95f8-7c6fc87c5153,bot_475,user,,
eb47a66d-035e-4fa3-8651-ccf98d5fee96,bot_476,user,,
4ddb6806-a340-43c0-a534-1c626dc07f87,bot_477,user,,
930171da-b8b7-404d-b92f-75266247aae9,bot_478,user,,
029db3b5-5676-4782-b9d7-ec67dd36a401,bot_479,user,,
43940825-98ad-4f95-b21e-34167a1b6575,bot_480,user,,
50727620-2694-4630-a90a-f82badb15c89,bot_481,user,,
2d485045-3e89-44a6-a6fc-b2bbe45dd7d5,bot_482,user,,
cee0fe79-391c-471f-949a-0552ea127c76,bot_483,user,,
3fe5add6-165c-489e-8495-bf737e9ed32c,bot_484,user,,
560f95d0-32b3-494b-a43c-f380436ff850,bot_485,user,,
87aac389-d0a5-4ee4-b910-b9f05b6ca009,bot_486,user,,
392f953b-7b46-4b0e-80df-9a84ddb5db21,bot_487,user,,
778dc195-89c1-48d5-bb74-27cddde4682e,bot_488,user,,
86a3ccbd-9b6c-4757-baf3-17b89874308f,bot_489,user,,
16934c20-8227-441d-85c2-5a3cdebe7ef2,bot_490,user,,
6d54d154-506b-49a2-a145-7039b6e97be0,bot_491,user,,
e876692a-3207-4160-89c9-f0639844a9d3,bot_492,user,,
432df2a7-d219-4c99-8c3e-b8590bd19502,bot_493,user,,
e0d20f12-8788-44ef-9655-5880d5afd25e,bot_494,user,,
eafb18e6-d9a1-415b-a4a9-811f2b368be9,bot_495,user,,
c12b500d-8f85-4122-8c88-63e7a0b1042c,bot_496,user,,
9068b983-0108-4ad9-b814-b544df79a951,bot_497,user,,
ca6e8d21-0886-45dd-bfa0-c3ea27159b6b,bot_498,user,,
97a1a9b8-a56f-4a34-94b2-f48ec7f7198f,bot_499,user,,
a5635089-3513-4a9d-a54e-cd9b298ec058,bot_500,user,,
5819760a-977c-484a-ba45-55f995529c74,bot_501,user,,
322d0149-6ea4-4aba-83f1-0ed10bd67755,bot_502,user,,
bf681a36-7b4f-422d-a800-2aef542310c0,bot_503,user,,
62f2959f-2bc9-4ff0-8d4f-083634841626,bot_504,user,,
b0cc9a71-9556-44a2-ab8b-be1c0a0a9c9a,bot_505,user,,
e17a7d58-1719-4fa0-9998-bb0094d4e66f,bot_506,user,,
1119eb8c-6329-44eb-91a3-a82f81ab938d,bot_507,user,,
9c0bf51a-8f90-4742-a721-6bcc2fd8d22e,bot_508,user,,
c76a2652-fb45-44d0-9ab2-14bbe2ac3228,bot_509,user,,
076afd51-c7c5-418f-82a4-27e26a5ff85a,bot_510,user,,
840c710b-0694-4f36-9c9e-0203010f3b70,bot_511,user,,
b6fd426c-e11a-4c12-b935-8a07725ebc93,bot_512,user,,
1b3a9941-db68-424d-9c8f-4ea005129121,bot_513,user,,
7d094edc-111c-4623-b310-64bab9a7832f,bot_514,user,,
ec2d9ff4-a263-4e70-99bb-5159265bf428,bot_515,user,,
919065e9-5564-4c7e-a909-b66a8f05c304,bot_516,user,,
b1bdb5f3-4990-44d4-90f8-35c608d3d66f,bot_517,user,,
3b18c8c8-a229-47eb-8e1a-939f8b8a1e12,bot_518,user,,
3b139392-bf1a-47e4-ae4b-531b4098c9e5,bot_519,user,,
f58c3f99-57af-49bb-91ab-0a80ecd2d29e,bot_520,user,,
a0966382-687c-43f0-a3cb-7b57fbd685a5,bot_521,user,,
a53ed157-33e8-45e6-afbd-ef65f8c030ea,bot_522,user,,
7886c434-3116-4156-aa9a-3f3fdee2fc12,bot_523,user,,
f156fb88-a851-43f2-9664-f6a1cc836d72,bot_524,user,,
9f7e09ad-b7b0-492e-8d0c-b2a8cb25de74,bot_525,user,,
3132d732-0ea3-4d93-bae8-7cc40450c12e,bot_526,user,,
e0f51866-8550-4731-b6ae-38a3c85544a0,bot_527,user,,
24c7cce4-4bb7-476c-a208-c5859ff16293,bot_528,user,,
3f25933b-4405-4fd8-b071-2b00376f76d6,bot_529,user,,
881fc148-5733-4383-b84b-913e0a3c10c4,bot_530,user,,
de86f04f-21e5-4896-ad68-01eb5a4c8fcf,bot_531,user,,
a973de83-b5bd-4e25-b63f-1ddbf7d11393,bot_532,user,,
782cca85-1e07-44a9-8486-751bc8f5842a,bot_533,user,,
a97975c3-24ce-487a-a2f3-97533a46eb5a,bot_534,user,,
7e2b2804-7437-4798-afe0-c967ff4b0993,bot_535,user,,
144f8863-9df5-4ff4-9eff-71b877c21f04,bot_536,user,,
e94f5ec6-86ac-4608-a4e9-a547dd395627,bot_537,user,,
198ac9ca-4e82-4d75-8d58-838ef5387a32,bot_538,user,,
e778506a-5595-48ec-ad7e-49e54f57ddea,bot_539,user,,
c3f7bb6d-550f-4ae6-8bac-ef76bd851483,bot_540,user,,
cba32ccd-92f6-4998-8105-71346898f256,bot_541,user,,
c3ac810b-621d-4735-9e94-2f8b77d385b8,bot_542,user,,
eecc4ba0-b525-451b-aeae-f46353de3d87,bot_543,user,,
26fa6729-779d-4801-8848-89d5e9a25f67,bot_544,user,,
ae8095a5-b9ba-4b11-bccb-6d96f13867f5,bot_545,user,,
63beab55-a892-48b9-bc19-bdf91aa0e5a2,bot_546,user,,
2b471059-c453-4544-a7ac-6fd2d03e8b1a,bot_547,user,,
43885e21-5f13-4519-878f-9960bdabe528,bot_548,user,,
c85d9207-d157-4fd1-8e9e-a7b2d816bebb,bot_549,user,,
181ef57d-9cae-4f48-9e8c-45e1c6898cb4,bot_550,user,,
bfbc7d1c-471e-466f-88d8-3e3a3580bd54,bot_551,user,,
30113e2a-fbc6-4512-8d91-8bbcfed5aa82,bot_552,user,,
93dcd210-6120-4117-a077-d7ca153426de,bot_553,user,,
3b836536-e572-490c-97c6-ac788664949f,bot_554,user,,
26bde341-8c38-4237-a205-ee8f2f19f6d3,bot_555,user,,
2d51be33-fbbc-4c22-86cc-1cdb9411c43b,bot_556,user,,
b0389d94-87b6-48c7-8b86-8df07ea1b9fb,bot_557,user,,
b7dda41d-8b86-4304-8c6c-62653d992239,bot_558,user,,
a6ec764b-bd5e-4bd0-8234-24a129e57f8e,bot_559,user,,
bd4f1c8e-763e-4a68-aa2d-df5eed43a19e,bot_560,user,,
ee56d2dd-9e28-4943-9238-37d29524a4ef,bot_561,user,,
64d35f0a-5eed-48c4-8d30-61713d218812,bot_562,user,,
3642b1ed-422f-4954-94c0-a79b82f76897,bot_563,user,,
f6eb4b46-c902-4491-bac3-d8eeff4b0034,bot_564,user,,
b09b0bb3-862c-44cd-8625-f876c93d686d,bot_565,user,,
9d1f7dce-65dc-42f8-97ab-89635662b55a,bot_566,user,,
05b88465-17e1-4f76-9547-15ff94a7072e,bot_567,user,,
020248b0-9878-4b26-be3d-a5e49c879288,bot_568,user,,
afd3f084-c313-4a2f-a1fd-c54c35378bcf,bot_569,user,,
ecdfef6e-1c1c-4c32-9d82-5a5b3959f175,bot_570,user,,
43a4d550-3dd5-4e7e-a739-c2ee9f3d2599,bot_571,user,,
c7f51a79-0e85-484a-aa68-43aac99bbdac,bot_572,user,,
ba1e3d8a-2ba4-40c7-869b-ea89c0f6a3a3,bot_573,user,,
ae108915-c1dd-4b42-960d-772140933388,bot_574,user,,
f9751e9f-e11f-4a87-872d-2e5c1ecdcdc1,bot_575,user,,
a09b0ee1-05e1-41ec-9a7e-206c5727a38e,bot_576,user,,
0211f792-a45b-4600-bc02-8598845ddf38,bot_577,user,,
2ca58df5-8378-4d07-ae89-9a78899d1242,bot_578,user,,
ed0e0391-f82c-45b4-b51d-12fd37f4509f,bot_579,user,,
c06c7b4f-fe1c-4f5a-b7ea-478432626cda,bot_580,user,,
02589892-0df0-425a-a846-12c24ec4da12,bot_581,user,,
897d02c3-131d-45b4-83b0-d991ec413910,bot_582,user,,
103efc9b-6a4b-4866-ab62-83b8a78c69f3,bot_583,user,,
4cb04f49-3e31-4544-877a-68125a146ea2,bot_584,user,,
9e3a3297-cadc-446d-81be-509f334f0aaf,bot_585,user,,
cfb39025-aea3-44d6-9d02-091e4fe67c7e,bot_586,user,,
d40f7225-1942-4274-ab14-10eaf02a5338,bot_587,user,,
62009600-6321-484c-a1d9-057cfe7611b9,bot_588,user,,
2fca6fbc-427b-4249-9eab-5429656ebcfa,bot_589,user,,
9ab9a0ae-2c8b-46dd-b081-4693fe4d8244,bot_590,user,,
cc8991dc-b9b1-4526-bc1b-1c5f0e0d1928,bot_591,user,,
447b3e30-80ea-4402-88b7-4f303bd81603,bot_592,user,,
bc818c72-fcbf-48bb-aa2d-87b1dc82797b,bot_593,user,,
ce06c88a-8f5f-4f4a-ac0a-c175a062fd91,bot_594,user,,
8fa02fec-75af-44bf-8909-062091cbd5ed,bot_595,user,,
52d5f588-9fbd-4ded-95b9-258ee7720f2e,bot_596,user,,
893c0e5d-59b3-41cd-a9d3-4f0ec5d6ffe3,bot_597,user,,
ffddbea3-4fc0-4d4c-a585-45d7d02c0f08,bot_598,user,,
675b1a26-bcf2-40eb-afbc-61ca02186248,bot_599,user,,
16ee1244-0d6d-46c8-8e78-69589d426192,bot_600,user,,
5593e10a-fd90-4c9d-ab9b-8be8cd104214,bot_601,user,,
711689e1-6d32-4703-bd84-3a829b998849,bot_602,user,,
51a1f3d7-b75f-428b-b12a-fd80783e16eb,bot_603,user,,
e0dc95f4-4cd4-4574-809b-1b8e5e6b8d74,bot_604,user,,
faafd11e-d629-4191-8502-ed4d41c7334e,bot_605,user,,
5bb0ca42-b22f-4592-9812-c3e056644629,bot_606,user,,
c707f64d-0891-474f-9750-714e0b9c5841,bot_607,user,,
ab613397-c3ea-4a03-a8b7-0ab3cfb434f6,bot_608,user,,
653dcaeb-df40-49d9-8553-b13df7710864,bot_609,user,,
9ae0b3c6-af48-478c-98a6-56ee8f69896a,bot_610,user,,
686eabc4-feb3-4289-9b13-e39d4e5ca010,bot_611,user,,
dea3366d-3b6b-4b7d-8242-5a8e4d7a4b58,bot_612,user,,
88130431-5f71-4e43-a223-680c2ec5e701,bot_613,user,,
e2dc944b-6382-4d38-a575-5e3d8d986ce9,bot_614,user,,
a34c3992-63b7-46e2-9c8a-fe80bd52f4dc,bot_615,user,,
2dea41e8-0749-4320-b982-7b64f2816260,bot_616,user,,
6417d710-3073-4c1c-87d3-617c90a085fe,bot_617,user,,
e0f636b8-a9fd-4379-92a9-46af50b9e0e8,bot_618,user,,
8296e891-85c3-4bea-bb3c-b1e70c75aa80,bot_619,user,,
88252954-d222-4a6f-b298-37e750c8d498,bot_620,user,,
3d5b1d80-3140-46b7-a73e-ca0cf7c20c7f,bot_621,user,,
18410015-0672-4aae-b277-3816942420c0,bot_622,user,,
3fadd5c9-75b3-45b5-a03e-86c0ceaf48f8,bot_623,user,,
01dd29d7-f6c4-497d-b084-9548b306f171,bot_624,user,,
0011bbe3-3e63-43e2-a753-4df986d81aa4,bot_625,user,,
ccc0b49e-7e9b-4e97-83a3-4e5484fa9b73,bot_626,user,,
1adf59b9-d807-45a9-9ff3-cd7389fec77a,bot_627,user,,
eb30dc93-2af5-4c76-82f9-ec6561ae3c0f,bot_628,user,,
6f05024b-2d8a-49fd-a703-3f7487b8ba1e,bot_629,user,,
955cb43e-b885-4b40-97af-103adaf69a0d,bot_630,user,,
7ec90694-4bea-449c-9a29-0540a41ab523,bot_631,user,,
4721283e-573e-4b41-80b5-c644a6861a93,bot_632,user,,
be67f3af-9aa4-4cb1-9f75-2dd42afdc435,bot_633,user,,
2f760223-c500-4de4-8025-a9086573530d,bot_634,user,,
9e00e718-cecf-469d-854b-51022ebc055a,bot_635,user,,
58eb4292-5452-4778-9fc1-718aa5e36fb7,bot_636,user,,
5a7cc093-0f74-4393-ab71-d58579779963,bot_637,user,,
5aea57dc-194a-488c-aff3-b8297a278b2d,bot_638,user,,
5e4ebfb8-c279-49a7-a60e-f6d838799ca7,bot_639,user,,
3f3af3f8-6a17-4525-bde9-3f66fc6d5cb5,bot_640,user,,
d8dc1a14-41c6-47be-98a3-d2be7d46ca31,bot_641,user,,
558493ac-4503-4a5a-ac34-52d640851c11,bot_642,user,,
14351c78-b5aa-40a7-8fce-6af848a48919,bot_643,user,,
9b158b18-1da6-4885-926d-8a435aaded3c,bot_644,user,,
f03cd634-197e-4f98-bd51-3387acb4ace5,bot_645,user,,
d5e23072-f835-4c10-a7c8-b3571ecc12e0,bot_646,user,,
008f7092-13fd-4511-b68b-729173404175,bot_647,user,,
866af673-7daf-4dd7-9e7b-beb322160082,bot_648,user,,
d8875790-4b46-4f66-be74-de50d459d53d,bot_649,user,,
a4238c16-38ab-4dca-b3f3-587a7e699c8c,bot_650,user,,
a8339bbc-17fa-4b31-8a1e-5dcdc7bf9257,bot_651,user,,
78af365b-7f42-4d26-b27f-f598ee6eb938,bot_652,user,,
06c696d2-a14d-4146-9b75-75fb843862a4,bot_653,user,,
41f18451-927a-49fb-857c-73db4e226d4a,bot_654,user,,
b19fce55-b253-4f0c-8d3d-66a02e0b7221,bot_655,user,,
a8be669a-f724-4264-b5ea-f3361aa485e9,bot_656,user,,
78b11ddd-fd0e-428b-a6f5-bad88b4af4b7,bot_657,user,,
5655ac11-eb7e-450d-b14a-08c1b598f66d,bot_658,user,,
532f915d-f102-4e20-8dd5-ab7877a9b931,bot_659,user,,
2d58f8ac-e0b2-493f-9d01-499e2f921496,bot_660,user,,
d858e934-9343-46a5-bb52-3ff40531e3dd,bot_661,user,,
b9b30f37-9b21-4382-ad6d-d987a7bb3dca,bot_662,user,,
a21c2761-5cfc-4b8c-8875-4fcc2f39963d,bot_663,user,,
21aa3c8e-e84c-4ace-a22e-96da608baea9,bot_664,user,,
f55c2b81-6f2f-467f-9457-f9172a932614,bot_665,user,,
e302a8a0-3011-4788-b45f-2968eccee29e,bot_666,user,,
60109408-75c3-4420-98bc-396acf680dcb,bot_667,user,,
3a342104-573d-4de8-8407-991925cfe259,bot_668,user,,
f6fd8b10-db77-404c-8f3d-38b3cd0516c1,bot_669,user,,
f39b4f2d-7aa4-4749-aa3d-631eecae6df3,bot_670,user,,
1323bae7-c5f3-4ca5-bc60-4a14351c39a3,bot_671,user,,
0398031b-6f2b-46e5-ac7e-a7a6154f6113,bot_672,user,,
6d57e69c-0949-4062-8d55-423011b3ece4,bot_673,user,,
efb96118-cc00-4ee1-9bdb-12b492e2c0a7,bot_674,user,,
3155a5d7-ff9f-4b2f-8fb2-20ed9a958681,bot_675,user,,
e8fbbde9-3b7f-4654-bf27-2d55cc002759,bot_676,user,,
6b1203b1-f1a4-441e-9d45-68d35eb343b8,bot_677,user,,
7e03fd83-f3b4-45a8-a448-bb41d210647e,bot_678,user,,
256d5fef-7940-4e66-84a8-02ab7df1898b,bot_679,user,,
98e4067e-7cf9-41f0-a40c-44c5f36d2b02,bot_680,user,,
1631ca44-13c0-436c-aa5c-4092a4981a62,bot_681,user,,
30c4fc5b-dbd7-4e7f-9fba-508380ca7c62,bot_682,user,,
fbfbcbc1-dfa4-47f8-b779-618468ffd43c,bot_683,user,,
ca880ffb-6061-4ac6-a0d4-09408cb6a586,bot_684,user,,
10eec6e3-511e-4086-bed9-92a9beb13e05,bot_685,user,,
7049d767-dbd5-4cd5-8ee2-8bd37d5630f4,bot_686,user,,
38de37c4-2937-4d55-bce9-9f22db2a2546,bot_687,user,,
8ba883f6-070a-45e9-8191-99ffa04037e4,bot_688,user,,
89e5311c-843d-4cad-a3d8-d01353344741,bot_689,user,,
cd521324-8507-4f00-b07d-b541da947506,bot_690,user,,
306027c8-7344-4fc5-a932-cfcd3c9c4731,bot_691,user,,
4062f85f-e6f4-473e-b46d-a2a7ad2cc677,bot_692,user,,
c85a292d-f160-4e37-8478-6beaad2c6a49,bot_693,user,,
f6ef45b1-90e8-4bc8-a15d-407dbb4afaab,bot_694,user,,
05fd3556-603f-47f0-bde5-7997650384e2,bot_695,user,,
79a9df9b-89d1-4c37-b2ff-fa680aa083e3,bot_696,user,,
b660a548-ba61-42e4-875a-19cfc93f088d,bot_697,user,,
97733cfc-6625-406c-9c88-eea963539333,bot_698,user,,
3432ac85-1c46-4f9e-837a-69f31f323106,bot_699,user,,
aa49f045-154e-4fa8-9f92-fcc7b6877b07,bot_700,user,,
831ddbcc-e798-4f3c-b303-6c1deb098b31,bot_701,user,,
349d1ee1-eea8-4e8c-83ca-e62eee4fcdde,bot_702,user,,
30f71b5f-daf4-45ee-be30-b853f6127584,bot_703,user,,
da41c7d1-a30b-4fed-813b-281a16189016,bot_704,user,,
39cb63aa-9ebc-48e3-a5b9-17ef9dd1d325,bot_705,user,,
689e2042-23d4-42e5-be3c-96d4c17a871b,bot_706,user,,
3f3ac9cb-97bd-4866-a47f-283adf5ad647,bot_707,user,,
8fdffe00-4e56-4c4c-b093-4e3e3811d045,bot_708,user,,
ab960bf4-75fd-44ca-8184-94b115b3e23a,bot_709,user,,
2bb0bead-cdc6-43b2-8150-e2381ff0d524,bot_710,user,,
73a37fca-ecfd-48a2-aa88-4441836f1aa5,bot_711,user,,
bb003195-a776-4039-91e3-07b6808c783a,bot_712,user,,
2e5daa4e-8b20-4f78-b5f6-298b2f37d71f,bot_713,user,,
3d302417-64ef-42dc-be79-f58f574f2522,bot_714,user,,
9d1d765e-2852-4eca-bbf9-7f9a11d4f527,bot_715,user,,
45a5a59c-2da1-44bf-b068-efb4525bfc92,bot_716,user,,
2e8d4469-375e-40c5-b9a1-29b4a2375396,bot_717,user,,
e3d32d9d-4b49-40c5-9dfb-ae296fdfcceb,bot_718,user,,
c70e2834-0aad-4a83-83e7-ee3ec91379d8,bot_719,user,,
88999f21-b84b-400a-b642-141ce71854af,bot_720,user,,
83b2836a-d4d3-4e7f-987f-c9ac1751597b,bot_721,user,,
f8e9d587-7b2c-4aac-9cdd-25f35004f41b,bot_722,user,,
606f20fb-fe7d-4b03-a59b-ac439d51ef0d,bot_723,user,,
eadbdf2b-999f-4202-a3b7-2117e58e24d5,bot_724,user,,
c0e4e6ce-a5d2-47b2-9ad0-8d29e8d5a27e,bot_725,user,,
ebe302ce-4052-4afa-94bb-c9f8d6e582bc,bot_726,user,,
599548ef-6fbe-43de-93a7-23cc4adc27b4,bot_727,user,,
281b7b8d-bdac-47a5-9e6a-a388c2e0242b,bot_728,user,,
5d09f1ad-8eba-48a2-aec9-4ba5f88308d2,bot_729,user,,
5a47c73e-ad60-42fb-bbfb-0a308a80028f,bot_730,user,,
5ea83223-4acb-4ad5-9314-3ffbc2e5ccab,bot_731,user,,
ab2fcf40-0c3d-4060-b59b-10735b2eb8b4,bot_732,user,,
b7f7256e-69ce-4c68-a4a4-a429cffd48f6,bot_733,user,,
4c090c94-a809-4802-90d2-d8b49156a636,bot_734,user,,
901f1c69-3825-4605-9988-97d97c15c2fc,bot_735,user,,
5e4915cb-1577-4101-a7c5-741e869e7557,bot_736,user,,
06ea5365-2be6-48a6-bacc-f0a2927bf2fd,bot_737,user,,
df7e6165-20c0-467e-ab03-3d6d6d67b464,bot_738,user,,
d868e879-2e15-4889-b48c-c9711608baeb,bot_739,user,,
9618cc65-6580-4582-9e15-fa9266eaca14,bot_740,user,,
30dc2319-8e6d-47e9-9bda-a2534967069b,bot_741,user,,
47807dbb-039b-4ee9-9fa3-564874ceee97,bot_742,user,,
cbbdaaba-0cb5-4001-b082-d7366f9a73d7,bot_743,user,,
9b3a2155-a7a8-4e46-b3b0-46bb2f660cb9,bot_744,user,,
d51aefc6-d4ef-42b2-ba04-86ed2c819785,bot_745,user,,
bfe93845-fd4c-48e9-956e-de3f998c37e8,bot_746,user,,
9cf5fd86-dc08-4c81-aa9f-0f2adfd751ab,bot_747,user,,
8c19fb73-81aa-4d9b-a53e-5b1e35346b9d,bot_748,user,,
e5ca89da-0454-415b-af7d-b33170db8f56,bot_749,user,,
77da2864-cd1e-41cd-b673-6ec6532aab3c,bot_750,user,,
fd6f6a92-f63c-442a-b1f4-deec1a50c115,bot_751,user,,
2a62210c-ba8c-4d7a-ba72-57a201e495b5,bot_752,user,,
21ad58cc-4c1e-43a7-bf81-d3c44c6ce6a3,bot_753,user,,
aa677480-4004-40a2-9aad-0413555b1038,bot_754,user,,
958fa13d-2592-4347-a16a-d12ced7cfd47,bot_755,user,,
2f18a7c8-5c82-4bb2-a61d-7a77d1b86d3b,bot_756,user,,
3f58b868-eba0-4715-9050-4a5a3deef0b4,bot_757,user,,
89911d11-3cab-4429-a48f-59f036d8ccd2,bot_758,user,,
11bad502-5b54-4981-afcf-d763d6e01ee4,bot_759,user,,
52e40cb9-72b7-4aea-9f63-16f69fccc712,bot_760,user,,
4420a87a-ffe0-434f-9737-de88d88b4a0e,bot_761,user,,
4dac5afb-51ac-4ebd-9afb-6fd28f224ea6,bot_762,user,,
3c513b11-c891-4f64-877f-5721f5475f46,bot_763,user,,
2d10db0d-0b6d-4e5b-b62c-8e87f805f690,bot_764,user,,
d611ff2b-0a70-4ddf-8a10-de21a2017ebf,bot_765,user,,
167f7f97-3157-442b-bcb1-a23ded9d7f78,bot_766,user,,
e02458bb-aca3-4a16-926c-d2cde27930dd,bot_767,user,,
e8c7cbea-b0c9-4ac8-8897-e6b0b9ba00b8,bot_768,user,,
cf4bd3fb-07fd-4367-b420-f8f3300b46c8,bot_769,user,,
c9f1638f-e146-4524-b25d-85548d7f617b,bot_770,user,,
9096837f-2c40-4ce5-b071-8de36c839476,bot_771,user,,
284d08a9-2719-443b-be29-e601b51a736d,bot_772,user,,
69a8598b-c071-41df-94d8-c0711a634a6b,bot_773,user,,
c769a9b5-3525-4dfe-9544-5211bfaa5c55,bot_774,user,,
11fba15f-78a2-4f95-a28b-c61a4cf4226c,bot_775,user,,
9a736b81-653f-4a61-a84a-c35d0c384e51,bot_776,user,,
083523a0-47a7-41c5-9dff-20f716b17967,bot_777,user,,
d697a757-6b69-4e8c-bdc4-999c2d815b14,bot_778,user,,
c4340050-9251-418e-8e77-c744983f7613,bot_779,user,,
7d7b0052-e043-4b7b-b594-f58800d4f3b9,bot_780,user,,
42789876-f59b-4206-947f-bf67bd4bf097,bot_781,user,,
36961a33-fa12-45ab-9b6a-cc4822ff305e,bot_782,user,,
20b1437c-413e-47c6-b605-bdca4ca45af5,bot_783,user,,
2d7359f5-ba3c-457c-9bf6-7b71cda1b5fe,bot_784,user,,
8a0bffa8-97e5-494b-8ae6-2a2fe0b7a4c4,bot_785,user,,
4252e977-ab58-4ff1-8627-b8a84b875403,bot_786,user,,
2e1ba5d1-bac7-4092-a27f-a872350ccb07,bot_787,user,,
5832dd8a-8c17-48fa-9e68-764ed3436e44,bot_788,user,,
958b9f6d-b813-48ae-add9-9a310b0c14a2,bot_789,user,,
ce7216ba-7c86-4830-a0ba-f4018b16011e,bot_790,user,,
7497cb5e-b149-4089-bfb1-26a63226f3e8,bot_791,user,,
052616dd-2f00-4492-a2cc-90eed473d056,bot_792,user,,
7cf6abf1-4ece-4728-b539-315c5933f50c,bot_793,user,,
1d415e27-20a9-4c32-98c2-c4af1bebdc20,bot_794,user,,
57be1a98-f517-4101-8ca7-05a6245de2f0,bot_795,user,,
65be501e-c1ea-4d7f-9409-06d4a2d28e92,bot_796,user,,
0df08985-00d4-4ead-90d4-7bee3e6f850a,bot_797,user,,
997f07a4-e199-4bec-935d-aef47f2f90e2,bot_798,user,,
8ecfe4f1-d635-42f7-828b-db475a898c4d,bot_799,user,,
811b4a93-60a7-424e-8a22-9bbb1d6c4d8b,bot_800,user,,
50f45f00-ae70-49ff-9925-fcbee11abbab,bot_801,user,,
6078b6a7-c5f8-4e93-93a7-8f17adcefa37,bot_802,user,,
c6be708b-0db3-4078-921c-df9f84a92fc0,bot_803,user,,
d5bf7615-ef39-45dc-9d02-731ef25292ef,bot_804,user,,
3e93f53c-0f62-4c34-af66-a67d8733bbbc,bot_805,user,,
f8a862ca-36f8-4dec-99bd-95b6bf5da112,bot_806,user,,
f598b743-f496-4a65-87dd-d3541fff0015,bot_807,user,,
1e195fd6-23c3-4d0c-b173-4e71a02b0a73,bot_808,user,,
76d79ce5-6b6c-4307-b6f3-38c13fa00212,bot_809,user,,
97d43cc9-2e7b-4070-9a54-f549c27ceb9b,bot_810,user,,
057c5693-972a-473d-b8ef-d2d42ffac016,bot_811,user,,
8b40be15-2ac5-47f6-83fe-3aef1a179b9f,bot_812,user,,
3279fc98-8b37-4445-808f-e7af4452f339,bot_813,user,,
3865fb28-c917-40ea-ba32-50dd10b373c5,bot_814,user,,
807edbe4-0171-4d36-9395-d8e5e8959e0e,bot_815,user,,
f6e0439e-3f1d-4e13-affa-814333db6823,bot_816,user,,
1da8ceb6-136e-4036-9372-d0f04b5b5e21,bot_817,user,,
e8043f64-b723-460c-851d-ede1acf237f5,bot_818,user,,
6d24331f-080e-4e9c-aef9-06350168d566,bot_819,user,,
b130c4c6-c9e3-4ce5-84af-4fdd8047402e,bot_820,user,,
35087de6-0227-4ff4-bb87-afb0c886e0f3,bot_821,user,,
0ee4be9c-353a-461d-b129-0844145da72d,bot_822,user,,
b62a9a4c-aac6-415e-9a74-8cecab5d8b57,bot_823,user,,
4387734a-01b1-49f2-9ab1-8077a3320123,bot_824,user,,
9500ea9f-0d0c-4ac4-a0b7-aee8e5e46493,bot_825,user,,
b8ea3ec7-cf47-46a7-80ff-0755629152f9,bot_826,user,,
4d253c4c-0b14-4c69-a336-67ee0f392276,bot_827,user,,
83c1452f-e275-44fa-ace1-a55f5f50b218,bot_828,user,,
d0b61379-c8a8-486b-98b2-0ed6501fd506,bot_829,user,,
f42bf387-cfcf-4d4c-b098-c8eddeffa341,bot_830,user,,
12e9562e-fd53-4ca9-9672-9d4db0de8471,bot_831,user,,
e8137316-8c12-4650-ac68-d75590661072,bot_832,user,,
f25f21da-f749-4d2f-abdb-a6344463a6a9,bot_833,user,,
96af44f0-c13e-4066-8cf3-9727e2d5c830,bot_834,user,,
cd2aa8b4-7968-4fbc-8f7d-52c6f13f904e,bot_835,user,,
2e1bbdf3-4176-412e-9779-96713bed053c,bot_836,user,,
15e851ed-3f59-4add-9c4f-6926ca564e5e,bot_837,user,,
10eb7576-61f0-41e6-8f37-912c305b7fc2,bot_838,user,,
26cae803-4242-4952-9934-c520555efdf0,bot_839,user,,
47f79415-228c-4c6e-8791-1d0b0e0ebbb2,bot_840,user,,
e8105376-0458-4d4a-b26b-ca139dfe5b23,bot_841,user,,
bc532ca7-855f-44fa-8fa5-6abcb12bcb68,bot_842,user,,
1f787836-07bb-4c26-bbce-806b2c11da8d,bot_843,user,,
63a24a43-b589-45fd-a102-e4fb220ce1d9,bot_844,user,,
165d902d-0ccb-4a18-8a97-9611c3d1d2d3,bot_845,user,,
baf8df4d-d883-43c4-9949-c988b8b6b0cd,bot_846,user,,
c92c1db6-47bb-4ccf-804b-ce387130124f,bot_847,user,,
e06ebd4b-b101-4ab9-bb21-06482aa71c11,bot_848,user,,
077b64a9-a04f-4ca9-8554-d060f28dde12,bot_849,user,,
91b1b173-ef4b-4976-bbe4-00aa17a13819,bot_850,user,,
ace9bef7-5036-4418-b890-b0380e958c46,bot_851,user,,
aadf42b9-8db9-44db-8a93-65c184edb28e,bot_852,user,,
64401273-6db2-4fad-9ab8-b3e86f138711,bot_853,user,,
890b7fcb-7483-4804-ac0c-4adcf3228634,bot_854,user,,
11cdce7b-0e3c-4b5e-9081-6db9bc68a70f,bot_855,user,,
ac66b8bd-1d65-41db-889d-982f67950679,bot_856,user,,
761030db-a077-4c60-8396-da17e23a4c0e,bot_857,user,,
96e03da6-15a3-470e-a9bd-7d796b6c77e3,bot_858,user,,
bd4ab5c7-7a0b-41f2-bd2d-8a597a64b659,bot_859,user,,
9449effa-ee6d-49af-a8f2-29e98b0901a3,bot_860,user,,
e3dadf2e-b86e-42b4-8397-a672b45915a1,bot_861,user,,
6d7dbf9f-5091-4a66-8ec8-6836b240ae9f,bot_862,user,,
74756dc6-0206-44bf-a0ee-af2686486b08,bot_863,user,,
de626803-79a7-4f0f-a346-40492dc4ce45,bot_864,user,,
a4a228f3-8c25-4c10-854f-576c74a31a80,bot_865,user,,
cabec597-00cc-48df-bc78-8728df8f6870,bot_866,user,,
f0898ffa-fccc-499d-9524-541dcfa645c1,bot_867,user,,
3e3871bf-1d22-4584-a348-494dba43cfe9,bot_868,user,,
9ed24d21-fc9a-46a6-bb0c-051b450948ff,bot_869,user,,
3dd82cf3-cc5e-4065-a408-3473c8f216a9,bot_870,user,,
3f14905d-1b67-4560-b1d5-821aa929c7a7,bot_871,user,,
5438eb04-92d7-4d44-8310-ad80d3c08d9b,bot_872,user,,
c595d489-6873-4034-bbcf-227373463ad5,bot_873,user,,
83dcb738-1ca6-45d8-ab8c-20da98430e12,bot_874,user,,
761dba3b-6afd-4297-aecd-16843bb40476,bot_875,user,,
fc34010b-809b-4861-ab65-17adff9691a2,bot_876,user,,
8207b227-1e22-4e8e-8165-efc432371fe3,bot_877,user,,
df7ca7c0-5609-46e3-9203-54729246bb39,bot_878,user,,
26baa290-8df2-4719-837a-92541ff7a960,bot_879,user,,
aa73907d-3446-4f76-b9a3-c181117a021e,bot_880,user,,
b5a89277-c9d8-4d29-a51f-46e13f9fda2c,bot_881,user,,
ee293ea8-514a-45dc-bc60-b7a9f1d4f7ea,bot_882,user,,
36821594-87e0-4ee6-8fa9-db17e41e2b57,bot_883,user,,
74cc4c08-9e13-4b77-90ed-f60a1f7fa5b6,bot_884,user,,
34abbf75-2dd1-4579-a774-a9d879ca2df5,bot_885,user,,
5f87cb64-a170-48dc-9faf-71fa5bbd6474,bot_886,user,,
1f8bfaaa-790e-424c-bf99-07036b4ae8fe,bot_887,user,,
5894f1a3-c64a-4eb5-94d8-680e355a117e,bot_888,user,,
82ca89b5-93f3-4c21-a1ad-1ef028306421,bot_889,user,,
f9697a8d-b8f6-4f7d-993e-e10643d1a9b2,bot_890,user,,
94c991e0-6f8a-430d-b8af-8a3c8cd08653,bot_891,user,,
6e2b3970-a9cc-4a1a-97a0-153cd0904e08,bot_892,user,,
4c2547ea-4014-41aa-93c9-c0f8e4eb3d1a,bot_893,user,,
f2335d68-11ea-41a7-9d45-0ddfd13dab81,bot_894,user,,
ed949ccc-9acc-41b9-8807-2cdd43de1643,bot_895,user,,
6e4cb7b9-d9ca-49cc-9b30-e3c7af5cb983,bot_896,user,,
61c85505-af8c-4877-adab-324fd5c852df,bot_897,user,,
a2231adf-2712-46e1-8c9b-6230db5d256c,bot_898,user,,
a205731a-6fa3-4146-bcb0-deacbb458c71,bot_899,user,,
7d49df9d-596f-4074-a8de-47ca02570c2e,bot_900,user,,
a1be0603-c378-4390-9c59-bd49652426b0,bot_901,user,,
3e2e436a-00d6-418e-9f11-1a50f262de98,bot_902,user,,
12c9019b-ea1a-45cf-9a44-3e0b6fcd0137,bot_903,user,,
587751cb-fd79-4cdd-b700-0b6c5b7106c4,bot_904,user,,
a0c13d80-878e-4401-85da-708a11f25a4d,bot_905,user,,
e179d13c-268a-44bb-b794-2f96ce2cf7bf,bot_906,user,,
00e9bad8-f910-476c-98cc-578c4ab9fcd0,bot_907,user,,
f5d51a36-7d42-4108-9bad-c64f7c6d3b28,bot_908,user,,
8560fd6f-fe19-412c-a704-27435d1102b1,bot_909,user,,
2d43abbf-6110-40f3-8d1d-94d7dd14e7fe,bot_910,user,,
33c18136-d470-4506-a804-223d9694e332,bot_911,user,,
bfed22ab-e5e6-4344-8a91-65cd22e06beb,bot_912,user,,
4d6427ec-25a7-4173-a783-e36e539856c2,bot_913,user,,
4103fa7b-a7c0-4261-bf3c-454adb1fc95d,bot_914,user,,
0a907265-6237-493b-9d3c-41cdafd732ac,bot_915,user,,
6abdf2c0-3082-469d-84ee-28c96b7d6e23,bot_916,user,,
9f1065a4-3e51-4d70-b97a-08b76c2c637b,bot_917,user,,
31f7035d-0e05-460a-a68e-c8bca5f5b2c3,bot_918,user,,
5f30759e-a1d1-4665-8c25-456384068557,bot_919,user,,
d0592d6c-1ab6-46e6-99a5-c5001d0c3972,bot_920,user,,
1acb3e34-f46f-4e0b-8fbc-d97d566b022f,bot_921,user,,
15106b34-60ee-40ac-b1a1-9f4162f3793d,bot_922,user,,
d101b65c-4adf-475e-86b9-b183ab051f53,bot_923,user,,
d5ad8948-4def-4379-9576-b9e477db3f3f,bot_924,user,,
a268af93-61a5-446a-bc04-a269a1f4114c,bot_925,user,,
7520cfe7-d97e-40fc-ac3c-426db60340bd,bot_926,user,,
c617e36b-3f1c-4f24-9901-5dd6d0cd5a4a,bot_927,user,,
df1956db-0a74-4a03-ad32-da0149da7558,bot_928,user,,
6d81a802-6890-4157-b15b-951ef641defd,bot_929,user,,
921fce00-3780-4434-887c-819ff0b4fd1b,bot_930,user,,
aaccd291-da94-4bac-92d1-ab5ce1986aa9,bot_931,user,,
704ccd83-f4ef-46e2-8a55-d4ed47c453f9,bot_932,user,,
463617c7-1caa-46a1-8670-589b5e5ef75e,bot_933,user,,
3266ea37-b897-4e3b-bafa-5ec3abd75b49,bot_934,user,,
dacbc17f-7851-4ddb-a4a2-634032d15270,bot_935,user,,
18679535-ffd8-401e-99ee-b3af01dcdbc1,bot_936,user,,
be19fb8e-712b-4b82-8a68-87823147f0c4,bot_937,user,,
407b369b-c377-45a2-bd81-470b8dd33f60,bot_938,user,,
caf778d7-a212-4c36-8522-8cc74673c01c,bot_939,user,,
ff063c1b-34b8-4479-a6df-4ab5733dd728,bot_940,user,,
292aa9eb-4acd-4e1b-b14e-7537aab56062,bot_941,user,,
bd702596-243f-42f4-909e-7a9a85985153,bot_942,user,,
9e190584-ac77-4a5a-866c-8a52a0b5d6df,bot_943,user,,
7c455b33-d18b-4315-9cf7-0251e4e1468e,bot_944,user,,
d6b87e30-ca6a-49b7-be49-53e3b2d6d64b,bot_945,user,,
e0e16143-dff3-4de0-80a0-ef6463ba5078,bot_946,user,,
0890c555-4dcb-4c4a-94a8-70ef01143844,bot_947,user,,
339df05c-37d7-47ce-a202-39dd1187b846,bot_948,user,,
9c110843-ca42-4ab3-9fb5-8bd0e3c3d091,bot_949,user,,
c9abe86d-247f-4925-9a1f-2cf416dadf65,bot_950,user,,
045b8972-047d-4652-860d-a52716ba8c3a,bot_951,user,,
31fe8038-ba7b-48a7-b8d8-226d585d0826,bot_952,user,,
6cfff236-3eb9-4e32-8a74-00f39305dcaa,bot_953,user,,
46b14c1e-0edd-4aa7-918e-855931085568,bot_954,user,,
a6955843-3d29-4c2c-9deb-5170aa60e282,bot_955,user,,
41781138-1c6c-4323-a05a-d8f302b7be92,bot_956,user,,
3b3ac1e7-8f01-4e39-81ab-975ac0e96128,bot_957,user,,
6ae1b3e9-af2e-4b5b-b74b-0ee1d0635087,bot_958,user,,
6213029d-2075-491b-8ffc-643d4706cf84,bot_959,user,,
f427cb6e-bd31-480f-9fb6-80c66d6757e2,bot_960,user,,
4d53b0f2-07b2-42a8-891d-94b9f509a6f5,bot_961,user,,
b7248028-76c8-475a-a0da-fc272d41e8fe,bot_962,user,,
a20fa3a2-c897-4512-9c43-120146cc35ed,bot_963,user,,
2b038fbe-73e4-4484-8a19-663c42febec2,bot_964,user,,
4f3fac5c-f800-4ad6-a8ec-d61718982402,bot_965,user,,
f61d8743-f42f-4970-9046-d4b7f884c56a,bot_966,user,,
7feb5839-f956-4608-9fe2-9e8516e8c7d7,bot_967,user,,
cb9c307d-2ca6-46a5-b406-d62c56004153,bot_968,user,,
0711c590-0b07-492a-b7e9-ef5a2132e3bd,bot_969,user,,
5ce405ec-edcf-4ca2-8954-7695d08a4ba0,bot_970,user,,
b4a600ea-1091-4e3a-812b-1e3092cb7ba4,bot_971,user,,
7205cb04-09cb-4cce-9f76-8c0b5bb96cb9,bot_972,user,,
a786c74a-db37-4ca9-873b-7be7e0d3fca2,bot_973,user,,
2e6bc7f0-f034-455c-b964-d5438e0d4721,bot_974,user,,
30477261-da3e-4ae0-90fc-8308da3be7c0,bot_975,user,,
60ac1b10-2d23-407b-b8be-7587ff0c0963,bot_976,user,,
ae0adda6-ed62-4d7a-b900-2e9c94205df3,bot_977,user,,
526bba47-2ff1-4dcb-93dc-7e1a8f3e6185,bot_978,user,,
09faae81-c3f4-43c8-8be9-05f35d812d50,bot_979,user,,
3ff6e132-bf91-440b-816a-b1354637fd2c,bot_980,user,,
b778c223-ebc3-4152-8375-02692f292d92,bot_981,user,,
4d02763f-48cb-4591-a19c-225c13ab90b3,bot_982,user,,
f45a5574-93e4-46d2-be52-50064a90f85f,bot_983,user,,
22d5696c-2a03-44aa-a884-c3ab0561b2b8,bot_984,user,,
cbe85c1c-dc30-490e-96ef-feda246dbe1d,bot_985,user,,
0ad54996-7b31-420b-a849-b6c48608aa2d,bot_986,user,,
f420957a-6502-47fa-b813-64e2643caf9e,bot_987,user,,
f4395e19-6b79-412a-a219-2e6d1c781bbe,bot_988,user,,
2478843e-b97d-4c54-88ae-11dba959a6b8,bot_989,user,,
16717ca0-7ffb-465f-9b0d-65ddb770cf6d,bot_990,user,,
3216e301-abfc-4596-a694-b7ea211fc96d,bot_991,user,,
42b91953-9186-418a-81d8-2a7081b78c90,bot_992,user,,
af690d34-6f1e-4414-a480-d4244e0ad65b,bot_993,user,,
6701dc28-f504-4328-a0f6-80573649fe37,bot_994,user,,
435885fc-9759-4449-9b7d-fee8fb214ceb,bot_995,user,,
84efa84a-bc9d-461e-9314-b99c40a655be,bot_996,user,,
d857cefa-5837-4582-beb6-23a4b0c55dd1,bot_997,user,,
6fa6945a-ae6d-4f1c-9b48-a623452340f9,bot_998,user,,
26ad5285-7c89-47d7-829b-936ec62b9f00,bot_999,user,,
70943676-c8c9-4a54-a983-7addae616f07,bot_1000,user,,
